dm,kind,scattered,smear,snr,width
66.38582080337363,slope,False,True,5.331533680090142,11.102226200158539
109.6692450694246,smooth_envelope,False,False,8.833195131500663,14.338928035566507
