dm,kind,scattered,smear,snr,width
355.3634353327235,flat,True,False,12.595159141085775,9.461780821719785
